universidad,siglas,nombre,carrera_epn_homologa,url,descripcion,perfil_ingreso,perfil_egreso,perfil_profesional
UNIVERSIDAD TECNOLÓGICA ECOTEC,ECOTEC,ADMINISTRACIÓN DE EMPRESAS,Administración de Empresas,,,,,
UNIVERSIDAD TECNOLÓGICA ECOTEC,ECOTEC,ECONOMÍA,Economía,,,,,
UNIVERSIDAD TECNOLÓGICA ECOTEC,ECOTEC,INGENIERÍA INDUSTRIAL,Ingeniería de la Producción,,,,,
UNIVERSIDAD TECNOLÓGICA ECOTEC,ECOTEC,MECATRÓNICA,Mecatrónica,,,,,
UNIVERSIDAD TECNOLÓGICA ECOTEC,ECOTEC,SOFTWARE,Ingeniería en Software,,,,,
ESCUELA SUPERIOR POLITÉCNICA AGROPECUARIA DE MANABÍ MANUEL FÉLIX LÓPEZ - ESPAM MFL,ESPAM MFL,ADMINISTRACIÓN DE EMPRESAS,Administración de Empresas,,,,,
ESCUELA SUPERIOR POLITÉCNICA AGROPECUARIA DE MANABÍ MANUEL FÉLIX LÓPEZ - ESPAM MFL,ESPAM MFL,AGROINDUSTRIA,Agroindustria,,,,,
ESCUELA SUPERIOR POLITÉCNICA AGROPECUARIA DE MANABÍ MANUEL FÉLIX LÓPEZ - ESPAM MFL,ESPAM MFL,COMPUTACIÓN,Ciencias de la Computación,,,,,
ESCUELA SUPERIOR POLITÉCNICA AGROPECUARIA DE MANABÍ MANUEL FÉLIX LÓPEZ - ESPAM MFL,ESPAM MFL,ELECTRÓNICA Y AUTOMATIZACIÓN,Electrónica y Automatización,,,,,
ESCUELA SUPERIOR POLITÉCNICA AGROPECUARIA DE MANABÍ MANUEL FÉLIX LÓPEZ - ESPAM MFL,ESPAM MFL,INGENIERÍA AMBIENTAL,Ingeniería Ambiental,,,,,
ESCUELA SUPERIOR POLITÉCNICA AGROPECUARIA DE MANABÍ MANUEL FÉLIX LÓPEZ - ESPAM MFL,ESPAM MFL,INGENIERÍA DE LA PRODUCCIÓN,Ingeniería de la Producción,,,,,
UNIVERSIDAD AGRARIA DEL ECUADOR,UAE,AGROINDUSTRIA,Agroindustria,,,,,
UNIVERSIDAD AGRARIA DEL ECUADOR,UAE,COMPUTACIÓN,Ciencias de la Computación,,,,,
UNIVERSIDAD AGRARIA DEL ECUADOR,UAE,ECONOMÍA,Economía,,,,,
UNIVERSIDAD AGRARIA DEL ECUADOR,UAE,INGENIERÍA AMBIENTAL,Ingeniería Ambiental,,,,,
UNIVERSIDAD BOLIVARIANA DEL ECUADOR,UBE,ADMINISTRACIÓN DE EMPRESAS,Administración de Empresas,,,,,
UNIVERSIDAD BOLIVARIANA DEL ECUADOR,UBE,ECONOMÍA,Economía,,,,,
UNIVERSIDAD BOLIVARIANA DEL ECUADOR,UBE,ELECTRICIDAD,Ingeniería Eléctrica,,,,,
UNIVERSIDAD CASA GRANDE,UCG,ADMINISTRACIÓN DE EMPRESAS,Administración de Empresas,,,,,
UNIVERSIDAD DE LOS HEMISFERIOS,UDH,ADMINISTRACIÓN DE EMPRESAS,Administración de Empresas,,,,,
UNIVERSIDAD DE LOS HEMISFERIOS,UDH,INGENIERÍA AMBIENTAL,Ingeniería Ambiental,,,,,
UNIVERSIDAD DEL RÍO-UDR,UDR,ADMINISTRACIÓN DE EMPRESAS,Administración de Empresas,,,,,
UNIVERSIDAD DEL RÍO-UDR,UDR,ECONOMÍA,Economía,,,,,
UNIVERSIDAD ESTATAL AMAZÓNICA,UEA,AGROINDUSTRIA,Agroindustria,,,,,
UNIVERSIDAD ESTATAL AMAZÓNICA,UEA,INGENIERÍA AMBIENTAL,Ingeniería Ambiental,,,,,
UNIVERSIDAD ESTATAL DE BOLÍVAR,UEB,ADMINISTRACIÓN DE EMPRESAS,Administración de Empresas,,,,,
UNIVERSIDAD ESTATAL DE BOLÍVAR,UEB,AGROINDUSTRIA,Agroindustria,,,,,
UNIVERSIDAD ESTATAL DE BOLÍVAR,UEB,SOFTWARE,Ingeniería en Software,,,,,
UNIVERSIDAD PARTICULAR INTERNACIONAL SEK,UISEK,ADMINISTRACIÓN DE EMPRESAS,Administración de Empresas,,,,,
UNIVERSIDAD PARTICULAR INTERNACIONAL SEK,UISEK,INGENIERÍA AMBIENTAL,Ingeniería Ambiental,,,,,
UNIVERSIDAD PARTICULAR INTERNACIONAL SEK,UISEK,INGENIERÍA CIVIL,Ingeniería Civil,,,,,
UNIVERSIDAD PARTICULAR INTERNACIONAL SEK,UISEK,MECATRÓNICA,Mecatrónica,,,,,
UNIVERSIDAD PARTICULAR INTERNACIONAL SEK,UISEK,MECÁNICA,Ingeniería en Mecánica,,,,,
UNIVERSIDAD PARTICULAR INTERNACIONAL SEK,UISEK,SOFTWARE,Ingeniería en Software,,,,,
UNIVERSIDAD TECNOLÓGICA ISRAEL,UISRAEL,ADMINISTRACIÓN DE EMPRESAS,Administración de Empresas,,,,,
UNIVERSIDAD TECNOLÓGICA ISRAEL,UISRAEL,ELECTRÓNICA Y AUTOMATIZACIÓN,Electrónica y Automatización,,,,,
UNIVERSIDAD TECNOLÓGICA ISRAEL,UISRAEL,SISTEMAS DE INFORMACIÓN,Ingeniería en Sistemas de Información,,,,,
UNIVERSIDAD TECNOLÓGICA ISRAEL,UISRAEL,TELECOMUNICACIONES,Telecomunicaciones,,,,,
UNIVERSIDAD DE INVESTIGACIÓN DE TECNOLOGÍA EXPERIMENTAL YACHAY,UITEY,AGROINDUSTRIA ALIMENTARIA,Agroindustria,,,,,
UNIVERSIDAD DE INVESTIGACIÓN DE TECNOLOGÍA EXPERIMENTAL YACHAY,UITEY,COMPUTACIÓN,Ciencias de la Computación,,,,,
UNIVERSIDAD DE INVESTIGACIÓN DE TECNOLOGÍA EXPERIMENTAL YACHAY,UITEY,FÍSICA,Física,,,,,
UNIVERSIDAD DE INVESTIGACIÓN DE TECNOLOGÍA EXPERIMENTAL YACHAY,UITEY,GEOLOGÍA,Ingeniería en Geología,,,,,
UNIVERSIDAD DE INVESTIGACIÓN DE TECNOLOGÍA EXPERIMENTAL YACHAY,UITEY,MATEMÁTICA,Matemática,,,,,
UNIVERSIDAD DE INVESTIGACIÓN DE TECNOLOGÍA EXPERIMENTAL YACHAY,UITEY,MATERIALES,Ingeniería en Materiales,,,,,
UNIVERSIDAD DE INVESTIGACIÓN DE TECNOLOGÍA EXPERIMENTAL YACHAY,UITEY,QUÍMICA,Ingeniería Química,,,,,
UNIVERSIDAD LAICA VICENTE ROCAFUERTE DE GUAYAQUIL,ULVR,ADMINISTRACIÓN DE EMPRESAS,Administración de Empresas,,,,,
UNIVERSIDAD LAICA VICENTE ROCAFUERTE DE GUAYAQUIL,ULVR,ECONOMÍA,Economía,,,,,
UNIVERSIDAD LAICA VICENTE ROCAFUERTE DE GUAYAQUIL,ULVR,INGENIERÍA CIVIL,Ingeniería Civil,,,,,
UNIVERSIDAD LAICA VICENTE ROCAFUERTE DE GUAYAQUIL,ULVR,SOFTWARE,Ingeniería en Software,,,,,
UNIVERSIDAD METROPOLITANA,UMET,ADMINISTRACIÓN DE EMPRESAS,Administración de Empresas,,,,,
UNIVERSIDAD METROPOLITANA,UMET,ECONOMÍA,Economía,,,,,
UNIVERSIDAD METROPOLITANA,UMET,SISTEMAS DE INFORMACIÓN,Ingeniería en Sistemas de Información,,,,,
UNIVERSIDAD ESTATAL DE MILAGRO,UNEMI,ADMINISTRACIÓN DE EMPRESAS,Administración de Empresas,,,,,
UNIVERSIDAD ESTATAL DE MILAGRO,UNEMI,ECONOMÍA,Economía,,,,,
UNIVERSIDAD ESTATAL DE MILAGRO,UNEMI,INGENIERÍA AMBIENTAL,Ingeniería Ambiental,,,,,
UNIVERSIDAD ESTATAL DE MILAGRO,UNEMI,INGENIERÍA INDUSTRIAL,Ingeniería de la Producción,,,,,
UNIVERSIDAD ESTATAL DE MILAGRO,UNEMI,SOFTWARE,Ingeniería en Software,,,,,
UNIVERSIDAD ESTATAL DEL SUR DE MANABÍ,UNESUM,ADMINISTRACIÓN DE EMPRESAS,Administración de Empresas,,,,,
UNIVERSIDAD ESTATAL DEL SUR DE MANABÍ,UNESUM,INGENIERÍA AMBIENTAL,Ingeniería Ambiental,,,,,
UNIVERSIDAD ESTATAL DEL SUR DE MANABÍ,UNESUM,INGENIERÍA CIVIL,Ingeniería Civil,,,,,
UNIVERSIDAD ESTATAL DEL SUR DE MANABÍ,UNESUM,INGENIERÍA EN COMPUTACIÓN Y REDES,Ciencias de la Computación,,,,,
"UNIVERSIDAD REGIONAL AUTÓNOMA DE LOS ANDES ""UNIANDES""",UNIANDES,ADMINISTRACIÓN DE EMPRESAS,Administración de Empresas,,,,,
"UNIVERSIDAD REGIONAL AUTÓNOMA DE LOS ANDES ""UNIANDES""",UNIANDES,SOFTWARE,Ingeniería en Software,,,,,
UNIVERSIDAD IBEROAMERICANA DEL ECUADOR,UNIBE,ADMINISTRACIÓN DE EMPRESAS,Administración de Empresas,,,,,
UNIVERSIDAD IBEROAMERICANA DEL ECUADOR,UNIBE,ECONOMÍA,Economía,,,,,
UNIVERSIDAD IBEROAMERICANA DEL ECUADOR,UNIBE,SOFTWARE,Ingeniería en Software,,,,,
UNIVERSIDAD DE OTAVALO,UO,ADMINISTRACIÓN DE EMPRESAS,Administración de Empresas,,,,,
UNIVERSIDAD DEL PACÍFICO-ESCUELA DE NEGOCIOS,UPACIFICO,ADMINISTRACIÓN DE EMPRESAS,Administración de Empresas,,,,,
UNIVERSIDAD DEL PACÍFICO-ESCUELA DE NEGOCIOS,UPACIFICO,COMPUTACIÓN,Ciencias de la Computación,,,,,
UNIVERSIDAD DEL PACÍFICO-ESCUELA DE NEGOCIOS,UPACIFICO,SISTEMAS DE INFORMACIÓN,Ingeniería en Sistemas de Información,,,,,
UNIVERSIDAD POLITÉCNICA ESTATAL DEL CARCHI,UPEC,ADMINISTRACIÓN DE EMPRESAS,Administración de Empresas,,,,,
UNIVERSIDAD POLITÉCNICA ESTATAL DEL CARCHI,UPEC,COMPUTACIÓN,Ciencias de la Computación,,,,,
UNIVERSIDAD SAN GREGORIO DE PORTOVIEJO,USGP,ADMINISTRACIÓN DE EMPRESAS,Administración de Empresas,,,,,
UNIVERSIDAD TÉCNICA DE BABAHOYO,UTB,AGROINDUSTRIA,Agroindustria,,,,,
UNIVERSIDAD TÉCNICA DE BABAHOYO,UTB,SISTEMAS DE INFORMACIÓN,Ingeniería en Sistemas de Información,,,,,
UNIVERSIDAD UTE,UTE,ADMINISTRACIÓN DE EMPRESAS,Administración de Empresas,,,,,
UNIVERSIDAD UTE,UTE,INGENIERÍA CIVIL,Ingeniería Civil,,,,,
UNIVERSIDAD UTE,UTE,INGENIERÍA INDUSTRIAL,Ingeniería de la Producción,,,,,
UNIVERSIDAD UTE,UTE,MECATRÓNICA,Mecatrónica,,,,,
"UNIVERSIDAD TÉCNICA ""LUIS VARGAS TORRES"" DE ESMERALDAS (UTLVTE)",UTELVT,ADMINISTRACIÓN DE EMPRESAS,Administración de Empresas,,,,,
"UNIVERSIDAD TÉCNICA ""LUIS VARGAS TORRES"" DE ESMERALDAS (UTLVTE)",UTELVT,ELECTRICIDAD,Ingeniería Eléctrica,,,,,
"UNIVERSIDAD TÉCNICA ""LUIS VARGAS TORRES"" DE ESMERALDAS (UTLVTE)",UTELVT,INGENIERÍA QUÍMICA,Ingeniería Química,,,,,
"UNIVERSIDAD TÉCNICA ""LUIS VARGAS TORRES"" DE ESMERALDAS (UTLVTE)",UTELVT,MECÁNICA,Ingeniería en Mecánica,,,,,
UNIVERSIDAD TECNOLÓGICA INDOAMÉRICA,UTI,ADMINISTRACIÓN DE EMPRESAS,Administración de Empresas,,,,,
UNIVERSIDAD TECNOLÓGICA INDOAMÉRICA,UTI,COMPUTACIÓN,Ciencias de la Computación,,,,,
UNIVERSIDAD TECNOLÓGICA INDOAMÉRICA,UTI,INGENIERÍA CIVIL,Ingeniería Civil,,,,,
UNIVERSIDAD TECNOLÓGICA INDOAMÉRICA,UTI,INGENIERÍA INDUSTRIAL,Ingeniería de la Producción,,,,,
UNIVERSIDAD TÉCNICA DE MACHALA,UTMACH,ADMINISTRACIÓN DE EMPRESAS,Administración de Empresas,,,,,
UNIVERSIDAD TÉCNICA DE MACHALA,UTMACH,ECONOMÍA,Economía,,,,,
UNIVERSIDAD TÉCNICA DE MACHALA,UTMACH,INGENIERÍA AMBIENTAL,Ingeniería Ambiental,,,,,
UNIVERSIDAD TÉCNICA DE MACHALA,UTMACH,INGENIERÍA CIVIL,Ingeniería Civil,,,,,
