siglas,universidad,nombre,rank,skill_label,skill_type,reuse_level,score,skill_uri
EPN,Escuela Politécnica Nacional,Licenciatura Administracion De Empresas,1,aplicar la gestión de conflictos,skill/competence,cross-sector,0.8588,http://data.europa.eu/esco/skill/0ee94af1-b445-4973-9c3f-459fab250342
EPN,Escuela Politécnica Nacional,Licenciatura Administracion De Empresas,2,gestionar recursos humanos,skill/competence,cross-sector,0.8531,http://data.europa.eu/esco/skill/339ac029-066a-4985-9f9d-b3d7c8fea0bb
EPN,Escuela Politécnica Nacional,Licenciatura Administracion De Empresas,3,gestionar un equipo,skill/competence,cross-sector,0.848,http://data.europa.eu/esco/skill/cb668e89-6ef5-4ff3-ab4a-506010e7e70b
EPN,Escuela Politécnica Nacional,Licenciatura Administracion De Empresas,4,respetar las normas internas de una empresa,skill/competence,cross-sector,0.8451,http://data.europa.eu/esco/skill/f5f5b244-6cea-4fbc-8a50-8f712791bc09
EPN,Escuela Politécnica Nacional,Licenciatura Administracion De Empresas,5,tener espíritu emprendedor,skill/competence,transversal,0.8445,http://data.europa.eu/esco/skill/bdcf429c-5ccf-4c3d-bb61-4c987573a35e
EPN,Escuela Politécnica Nacional,Licenciatura Administracion De Empresas,6,gestionar empresas de producción,skill/competence,cross-sector,0.8429,http://data.europa.eu/esco/skill/435d1751-8667-41ec-8b32-865b7cd3c684
EPN,Escuela Politécnica Nacional,Licenciatura Administracion De Empresas,7,sensibilizar sobre el medioambiente,skill/competence,cross-sector,0.8423,http://data.europa.eu/esco/skill/8abdc43c-2bfd-417c-97c2-27fcdaf53171
EPN,Escuela Politécnica Nacional,Licenciatura Administracion De Empresas,8,realizar gestión de clientes,skill/competence,cross-sector,0.8423,http://data.europa.eu/esco/skill/91306a20-9b81-4f3d-97eb-f5368b607da7
EPN,Escuela Politécnica Nacional,Licenciatura Administracion De Empresas,9,legislación ambiental en materia de agricultura y silvicultura,knowledge,cross-sector,0.841,http://data.europa.eu/esco/skill/3419fac9-575d-4492-a018-edff6f4dae26
EPN,Escuela Politécnica Nacional,Licenciatura Administracion De Empresas,10,enseñar principios de gestión empresarial,skill/competence,cross-sector,0.839,http://data.europa.eu/esco/skill/29d3663f-348a-4b67-a8db-b94fd3912385
EPN,Escuela Politécnica Nacional,Ingenieria Agroindustria,1,sensibilizar sobre el medioambiente,skill/competence,cross-sector,0.857,http://data.europa.eu/esco/skill/8abdc43c-2bfd-417c-97c2-27fcdaf53171
EPN,Escuela Politécnica Nacional,Ingenieria Agroindustria,2,legislación ambiental en materia de agricultura y silvicultura,knowledge,cross-sector,0.8546,http://data.europa.eu/esco/skill/3419fac9-575d-4492-a018-edff6f4dae26
EPN,Escuela Politécnica Nacional,Ingenieria Agroindustria,3,aplicar medidas de protección del medioambiente,skill/competence,cross-sector,0.853,http://data.europa.eu/esco/skill/f6d7ba88-5234-4994-944d-843ca453c923
EPN,Escuela Politécnica Nacional,Ingenieria Agroindustria,4,aplicar la gestión de conflictos,skill/competence,cross-sector,0.8511,http://data.europa.eu/esco/skill/0ee94af1-b445-4973-9c3f-459fab250342
EPN,Escuela Politécnica Nacional,Ingenieria Agroindustria,5,"aplicar conocimientos científicos, tecnológicos y de ingeniería",skill/competence,transversal,0.8507,http://data.europa.eu/esco/skill/5c3ab99d-a3f1-4620-9602-d12d2151a03d
EPN,Escuela Politécnica Nacional,Ingenieria Agroindustria,6,planificar procesos de fabricación,skill/competence,cross-sector,0.8499,http://data.europa.eu/esco/skill/7d0f33ea-e724-4d77-8b75-ee4fe66bb9ba
EPN,Escuela Politécnica Nacional,Ingenieria Agroindustria,7,realizar todas las actividades de ingeniería de procesos,skill/competence,cross-sector,0.8497,http://data.europa.eu/esco/skill/8b9d609a-6d62-4d5c-9133-01d41979cfac
EPN,Escuela Politécnica Nacional,Ingenieria Agroindustria,8,diseñar escombreras de minas,skill/competence,cross-sector,0.8496,http://data.europa.eu/esco/skill/cfbe1cdb-1738-45a1-b442-75cbda1fff06
EPN,Escuela Politécnica Nacional,Ingenieria Agroindustria,9,tener competencias informáticas,skill/competence,cross-sector,0.8495,http://data.europa.eu/esco/skill/d15ce60f-ddab-41ce-ba56-398451b77b60
EPN,Escuela Politécnica Nacional,Ingenieria Agroindustria,10,gestionar el impacto medioambiental de las operaciones,skill/competence,cross-sector,0.8493,http://data.europa.eu/esco/skill/d86babea-bf8b-4552-81a8-daf706066ad6
EPN,Escuela Politécnica Nacional,Ingenieria Ambiental,1,ingeniería ambiental,knowledge,cross-sector,0.8537,http://data.europa.eu/esco/skill/b1b118c4-3291-484e-b64d-6d51fd5da8b3
EPN,Escuela Politécnica Nacional,Ingenieria Ambiental,2,diseñar escombreras de minas,skill/competence,cross-sector,0.8466,http://data.europa.eu/esco/skill/cfbe1cdb-1738-45a1-b442-75cbda1fff06
EPN,Escuela Politécnica Nacional,Ingenieria Ambiental,3,aplicar medidas de protección del medioambiente,skill/competence,cross-sector,0.8461,http://data.europa.eu/esco/skill/f6d7ba88-5234-4994-944d-843ca453c923
EPN,Escuela Politécnica Nacional,Ingenieria Ambiental,4,realizar auditorías ambientales,skill/competence,cross-sector,0.8456,http://data.europa.eu/esco/skill/60ab2bf7-c812-4a88-86c0-7c81a9b2f77c
EPN,Escuela Politécnica Nacional,Ingenieria Ambiental,5,gestionar el impacto medioambiental de las operaciones,skill/competence,cross-sector,0.8446,http://data.europa.eu/esco/skill/d86babea-bf8b-4552-81a8-daf706066ad6
EPN,Escuela Politécnica Nacional,Ingenieria Ambiental,6,sensibilizar sobre el medioambiente,skill/competence,cross-sector,0.8433,http://data.europa.eu/esco/skill/8abdc43c-2bfd-417c-97c2-27fcdaf53171
EPN,Escuela Politécnica Nacional,Ingenieria Ambiental,7,legislación ambiental en materia de agricultura y silvicultura,knowledge,cross-sector,0.8419,http://data.europa.eu/esco/skill/3419fac9-575d-4492-a018-edff6f4dae26
EPN,Escuela Politécnica Nacional,Ingenieria Ambiental,8,aplicar la gestión de conflictos,skill/competence,cross-sector,0.8415,http://data.europa.eu/esco/skill/0ee94af1-b445-4973-9c3f-459fab250342
EPN,Escuela Politécnica Nacional,Ingenieria Ambiental,9,evaluar el impacto ambiental de yacimientos y zonas industriales,skill/competence,cross-sector,0.841,http://data.europa.eu/esco/skill/f12f094b-492f-4e88-b36b-50b8e58b7500
EPN,Escuela Politécnica Nacional,Ingenieria Ambiental,10,realizar actividades de limpieza de forma respetuosa con el medioambiente,skill/competence,cross-sector,0.8397,http://data.europa.eu/esco/skill/4fb7f781-9362-426a-9eb6-65c360f83e31
EPN,Escuela Politécnica Nacional,Ciencias De Datos E Inteligencia Artificial,1,demostrar conocimientos especializados sobre una disciplina,skill/competence,cross-sector,0.8607,http://data.europa.eu/esco/skill/4134622c-c3fb-4a41-beb6-6d58ba5107db
EPN,Escuela Politécnica Nacional,Ciencias De Datos E Inteligencia Artificial,2,gestionar datos de investigación,skill/competence,cross-sector,0.8524,http://data.europa.eu/esco/skill/08b04e53-ed25-41a2-9f90-0b9cd939ba3d
EPN,Escuela Politécnica Nacional,Ciencias De Datos E Inteligencia Artificial,3,crear una red profesional con investigadores y científicos,skill/competence,cross-sector,0.8432,http://data.europa.eu/esco/skill/cc61f9e5-d4fc-470e-8606-1ce865ff8386
EPN,Escuela Politécnica Nacional,Ciencias De Datos E Inteligencia Artificial,4,gestionar recursos humanos,skill/competence,cross-sector,0.8431,http://data.europa.eu/esco/skill/339ac029-066a-4985-9f9d-b3d7c8fea0bb
EPN,Escuela Politécnica Nacional,Ciencias De Datos E Inteligencia Artificial,5,realizar trabajos técnicos difíciles,skill/competence,cross-sector,0.8418,http://data.europa.eu/esco/skill/2d780738-9b34-40a3-adbb-590001f6ff86
EPN,Escuela Politécnica Nacional,Ciencias De Datos E Inteligencia Artificial,6,tener competencias informáticas,skill/competence,cross-sector,0.84,http://data.europa.eu/esco/skill/d15ce60f-ddab-41ce-ba56-398451b77b60
EPN,Escuela Politécnica Nacional,Ciencias De Datos E Inteligencia Artificial,7,gestionar un equipo,skill/competence,cross-sector,0.8375,http://data.europa.eu/esco/skill/cb668e89-6ef5-4ff3-ab4a-506010e7e70b
EPN,Escuela Politécnica Nacional,Ciencias De Datos E Inteligencia Artificial,8,crear soluciones para problemas informativos,skill/competence,cross-sector,0.8364,http://data.europa.eu/esco/skill/4539aeca-b56f-4d03-ba86-8f675a7f2536
EPN,Escuela Politécnica Nacional,Ciencias De Datos E Inteligencia Artificial,9,demostrar voluntad de aprender,skill/competence,transversal,0.8356,http://data.europa.eu/esco/skill/9bf266a6-188b-4d17-a22f-2f266d76832b
EPN,Escuela Politécnica Nacional,Ciencias De Datos E Inteligencia Artificial,10,interpretar datos científicos para determinar la calidad del agua,skill/competence,cross-sector,0.8355,http://data.europa.eu/esco/skill/07ec6866-d283-46a6-991c-e8ce0c6fc159
EPN,Escuela Politécnica Nacional,Ingenieria En Ciencias De La Computacion,1,tener competencias informáticas,skill/competence,cross-sector,0.8571,http://data.europa.eu/esco/skill/d15ce60f-ddab-41ce-ba56-398451b77b60
EPN,Escuela Politécnica Nacional,Ingenieria En Ciencias De La Computacion,2,utilizar servicios electrónicos,skill/competence,cross-sector,0.8528,http://data.europa.eu/esco/skill/16a00c69-9c74-4c37-96d7-6301d285e5ce
EPN,Escuela Politécnica Nacional,Ingenieria En Ciencias De La Computacion,3,ejecutar cálculos matemáticos analíticos,skill/competence,cross-sector,0.8526,http://data.europa.eu/esco/skill/31c69100-b612-4a61-8db5-fd314318854c
EPN,Escuela Politécnica Nacional,Ingenieria En Ciencias De La Computacion,4,aplicar competencias matemáticas,skill/competence,cross-sector,0.8507,http://data.europa.eu/esco/skill/5dd01a1e-7ba0-4b7f-a76c-ed811c12bfde
EPN,Escuela Politécnica Nacional,Ingenieria En Ciencias De La Computacion,5,aplicar la gestión de conflictos,skill/competence,cross-sector,0.8472,http://data.europa.eu/esco/skill/0ee94af1-b445-4973-9c3f-459fab250342
EPN,Escuela Politécnica Nacional,Ingenieria En Ciencias De La Computacion,6,demostrar conocimientos especializados sobre una disciplina,skill/competence,cross-sector,0.8461,http://data.europa.eu/esco/skill/4134622c-c3fb-4a41-beb6-6d58ba5107db
EPN,Escuela Politécnica Nacional,Ingenieria En Ciencias De La Computacion,7,aplicar medidas de protección del medioambiente,skill/competence,cross-sector,0.846,http://data.europa.eu/esco/skill/f6d7ba88-5234-4994-944d-843ca453c923
EPN,Escuela Politécnica Nacional,Ingenieria En Ciencias De La Computacion,8,utilizar las tecnologías digitales con creatividad,skill/competence,cross-sector,0.8442,http://data.europa.eu/esco/skill/1a4cc54f-1e53-442b-a6d2-1682dc8ef8f9
EPN,Escuela Politécnica Nacional,Ingenieria En Ciencias De La Computacion,9,calcular con exactitud las horas de trabajo,skill/competence,cross-sector,0.843,http://data.europa.eu/esco/skill/bd556223-d9af-434b-a6bf-e70fa3ed3d12
EPN,Escuela Politécnica Nacional,Ingenieria En Ciencias De La Computacion,10,crear soluciones para problemas,skill/competence,cross-sector,0.8423,http://data.europa.eu/esco/skill/03b9b491-fc9b-4868-914a-bf7cd47b5041
EPN,Escuela Politécnica Nacional,Economia,1,predecir tendencias económicas,skill/competence,cross-sector,0.8302,http://data.europa.eu/esco/skill/f2a34d6b-131a-4b8f-a110-898b9c91d18f
EPN,Escuela Politécnica Nacional,Economia,2,analizar modelos de negocio,skill/competence,cross-sector,0.8286,http://data.europa.eu/esco/skill/3c1cbc5e-2220-4f45-bcc8-3d52c8c9cae0
EPN,Escuela Politécnica Nacional,Economia,3,actuar de enlace con profesionales del sector,skill/competence,cross-sector,0.828,http://data.europa.eu/esco/skill/d1317634-ccea-44d0-9cdc-c863f9bf856b
EPN,Escuela Politécnica Nacional,Economia,4,aplicar medidas de protección del medioambiente,skill/competence,cross-sector,0.8276,http://data.europa.eu/esco/skill/f6d7ba88-5234-4994-944d-843ca453c923
EPN,Escuela Politécnica Nacional,Economia,5,demostrar voluntad de aprender,skill/competence,transversal,0.8274,http://data.europa.eu/esco/skill/9bf266a6-188b-4d17-a22f-2f266d76832b
EPN,Escuela Politécnica Nacional,Economia,6,realizar cálculos,skill/competence,transversal,0.8273,http://data.europa.eu/esco/skill/19ba11f3-9c99-41fd-a7c9-f77e6a026186
EPN,Escuela Politécnica Nacional,Economia,7,gestionar recursos humanos,skill/competence,cross-sector,0.8264,http://data.europa.eu/esco/skill/339ac029-066a-4985-9f9d-b3d7c8fea0bb
EPN,Escuela Politécnica Nacional,Economia,8,planificar procesos de fabricación,skill/competence,cross-sector,0.8264,http://data.europa.eu/esco/skill/7d0f33ea-e724-4d77-8b75-ee4fe66bb9ba
EPN,Escuela Politécnica Nacional,Economia,9,aplicar conocimientos de ciencias sociales y humanidades,skill/competence,transversal,0.8262,http://data.europa.eu/esco/skill/deb3c1bc-d48a-42e6-b0cc-cb238534ec28
EPN,Escuela Politécnica Nacional,Economia,10,aplicar competencias matemáticas,skill/competence,cross-sector,0.8258,http://data.europa.eu/esco/skill/5dd01a1e-7ba0-4b7f-a76c-ed811c12bfde
EPN,Escuela Politécnica Nacional,Ingenieria En Electricidad,1,evaluar las necesidades energéticas,skill/competence,cross-sector,0.8457,http://data.europa.eu/esco/skill/36fccad9-1d20-4104-bcc2-a8ea9d1ce5ea
EPN,Escuela Politécnica Nacional,Ingenieria En Electricidad,2,planificar procesos de fabricación,skill/competence,cross-sector,0.8415,http://data.europa.eu/esco/skill/7d0f33ea-e724-4d77-8b75-ee4fe66bb9ba
EPN,Escuela Politécnica Nacional,Ingenieria En Electricidad,3,realizar actividades de gestión energética en instalaciones,skill/competence,cross-sector,0.8411,http://data.europa.eu/esco/skill/885808f7-f42b-406e-95f2-28efcd45ddda
EPN,Escuela Politécnica Nacional,Ingenieria En Electricidad,4,supervisar el funcionamiento de los equipos,skill/competence,cross-sector,0.8398,http://data.europa.eu/esco/skill/ca17f0df-59e4-4ed2-9360-fc5325bc7151
EPN,Escuela Politécnica Nacional,Ingenieria En Electricidad,5,legislación ambiental en materia de agricultura y silvicultura,knowledge,cross-sector,0.8377,http://data.europa.eu/esco/skill/3419fac9-575d-4492-a018-edff6f4dae26
EPN,Escuela Politécnica Nacional,Ingenieria En Electricidad,6,aplicar medidas de protección del medioambiente,skill/competence,cross-sector,0.8368,http://data.europa.eu/esco/skill/f6d7ba88-5234-4994-944d-843ca453c923
EPN,Escuela Politécnica Nacional,Ingenieria En Electricidad,7,operar el equipo de empaquetado,skill/competence,cross-sector,0.8361,http://data.europa.eu/esco/skill/f8cd217b-b870-42aa-9bbe-d36b672cbb65
EPN,Escuela Politécnica Nacional,Ingenieria En Electricidad,8,realizar trabajos técnicos difíciles,skill/competence,cross-sector,0.8355,http://data.europa.eu/esco/skill/2d780738-9b34-40a3-adbb-590001f6ff86
EPN,Escuela Politécnica Nacional,Ingenieria En Electricidad,9,"aplicar conocimientos científicos, tecnológicos y de ingeniería",skill/competence,transversal,0.8355,http://data.europa.eu/esco/skill/5c3ab99d-a3f1-4620-9602-d12d2151a03d
EPN,Escuela Politécnica Nacional,Ingenieria En Electricidad,10,mantener motores eléctricos,skill/competence,cross-sector,0.8349,http://data.europa.eu/esco/skill/2876970d-90af-45bd-9cfd-c0af757947ea
EPN,Escuela Politécnica Nacional,Ingenieria En Electronica Y Automatizacion,1,aplicar medidas de protección del medioambiente,skill/competence,cross-sector,0.8673,http://data.europa.eu/esco/skill/f6d7ba88-5234-4994-944d-843ca453c923
EPN,Escuela Politécnica Nacional,Ingenieria En Electronica Y Automatizacion,2,demostrar conocimientos especializados sobre una disciplina,skill/competence,cross-sector,0.8614,http://data.europa.eu/esco/skill/4134622c-c3fb-4a41-beb6-6d58ba5107db
EPN,Escuela Politécnica Nacional,Ingenieria En Electronica Y Automatizacion,3,aplicar la gestión de conflictos,skill/competence,cross-sector,0.8614,http://data.europa.eu/esco/skill/0ee94af1-b445-4973-9c3f-459fab250342
EPN,Escuela Politécnica Nacional,Ingenieria En Electronica Y Automatizacion,4,gestionar un equipo,skill/competence,cross-sector,0.8596,http://data.europa.eu/esco/skill/cb668e89-6ef5-4ff3-ab4a-506010e7e70b
EPN,Escuela Politécnica Nacional,Ingenieria En Electronica Y Automatizacion,5,demostrar voluntad de aprender,skill/competence,transversal,0.8587,http://data.europa.eu/esco/skill/9bf266a6-188b-4d17-a22f-2f266d76832b
EPN,Escuela Politécnica Nacional,Ingenieria En Electronica Y Automatizacion,6,tener competencias informáticas,skill/competence,cross-sector,0.8578,http://data.europa.eu/esco/skill/d15ce60f-ddab-41ce-ba56-398451b77b60
EPN,Escuela Politécnica Nacional,Ingenieria En Electronica Y Automatizacion,7,realizar actividades de limpieza de forma respetuosa con el medioambiente,skill/competence,cross-sector,0.856,http://data.europa.eu/esco/skill/4fb7f781-9362-426a-9eb6-65c360f83e31
EPN,Escuela Politécnica Nacional,Ingenieria En Electronica Y Automatizacion,8,trabajar de forma organizada,skill/competence,cross-sector,0.8555,http://data.europa.eu/esco/skill/1258cc12-37bb-4a12-b219-9c3d6b294533
EPN,Escuela Politécnica Nacional,Ingenieria En Electronica Y Automatizacion,9,trabajar de forma organizada,skill/competence,cross-sector,0.8555,http://data.europa.eu/esco/skill/1258cc12-37bb-4a12-b219-9c3d6b294533
EPN,Escuela Politécnica Nacional,Ingenieria En Electronica Y Automatizacion,10,gestionar recursos humanos,skill/competence,cross-sector,0.8546,http://data.europa.eu/esco/skill/339ac029-066a-4985-9f9d-b3d7c8fea0bb
EPN,Escuela Politécnica Nacional,Fisica,1,"aplicar conocimientos científicos, tecnológicos y de ingeniería",skill/competence,transversal,0.8669,http://data.europa.eu/esco/skill/5c3ab99d-a3f1-4620-9602-d12d2151a03d
EPN,Escuela Politécnica Nacional,Fisica,2,utilizar modelos informáticos especializados para predecir el tiempo,skill/competence,cross-sector,0.8492,http://data.europa.eu/esco/skill/206f5738-e91f-4390-84a2-fcb864bc11b1
EPN,Escuela Politécnica Nacional,Fisica,3,ejecutar cálculos matemáticos analíticos,skill/competence,cross-sector,0.8487,http://data.europa.eu/esco/skill/31c69100-b612-4a61-8db5-fd314318854c
EPN,Escuela Politécnica Nacional,Fisica,4,realizar trabajos técnicos difíciles,skill/competence,cross-sector,0.8448,http://data.europa.eu/esco/skill/2d780738-9b34-40a3-adbb-590001f6ff86
EPN,Escuela Politécnica Nacional,Fisica,5,aplicar competencias matemáticas,skill/competence,cross-sector,0.8395,http://data.europa.eu/esco/skill/5dd01a1e-7ba0-4b7f-a76c-ed811c12bfde
EPN,Escuela Politécnica Nacional,Fisica,6,enseñar física,skill/competence,cross-sector,0.8357,http://data.europa.eu/esco/skill/2bc7884c-0d04-4ae9-a4e5-dccd77701ba3
EPN,Escuela Politécnica Nacional,Fisica,7,proporcionar experiencia técnica,skill/competence,cross-sector,0.8353,http://data.europa.eu/esco/skill/c69587b4-05d3-45bb-b79b-9b85e6603fc2
EPN,Escuela Politécnica Nacional,Fisica,8,mecánica de los trenes,knowledge,cross-sector,0.8343,http://data.europa.eu/esco/skill/af0bbc31-b54d-4e8d-82b1-2e91a1115523
EPN,Escuela Politécnica Nacional,Fisica,9,operar el equipo de manipulación de materiales,skill/competence,cross-sector,0.8334,http://data.europa.eu/esco/skill/7838de1e-d65e-4a3f-b60b-e2213026116f
EPN,Escuela Politécnica Nacional,Fisica,10,planificar procesos de fabricación,skill/competence,cross-sector,0.832,http://data.europa.eu/esco/skill/7d0f33ea-e724-4d77-8b75-ee4fe66bb9ba
EPN,Escuela Politécnica Nacional,Ingenieria En Geologia,1,evaluar el impacto ambiental de yacimientos y zonas industriales,skill/competence,cross-sector,0.8567,http://data.europa.eu/esco/skill/f12f094b-492f-4e88-b36b-50b8e58b7500
EPN,Escuela Politécnica Nacional,Ingenieria En Geologia,2,reaccionar ante emergencias mineras,skill/competence,cross-sector,0.8463,http://data.europa.eu/esco/skill/3938da70-dd7a-4092-b039-10c2218867fd
EPN,Escuela Politécnica Nacional,Ingenieria En Geologia,3,diseñar escombreras de minas,skill/competence,cross-sector,0.8443,http://data.europa.eu/esco/skill/cfbe1cdb-1738-45a1-b442-75cbda1fff06
EPN,Escuela Politécnica Nacional,Ingenieria En Geologia,4,preparar informes sobre asuntos relacionados con el trabajo,skill/competence,cross-sector,0.8421,http://data.europa.eu/esco/skill/918f5211-b99f-4b29-9a34-6e475583ef55
EPN,Escuela Politécnica Nacional,Ingenieria En Geologia,5,coordinar con expertos ferroviarios,skill/competence,cross-sector,0.8421,http://data.europa.eu/esco/skill/6172948e-5d52-4f94-a617-278a9013a8ae
EPN,Escuela Politécnica Nacional,Ingenieria En Geologia,6,crear una red profesional con investigadores y científicos,skill/competence,cross-sector,0.8412,http://data.europa.eu/esco/skill/cc61f9e5-d4fc-470e-8606-1ce865ff8386
EPN,Escuela Politécnica Nacional,Ingenieria En Geologia,7,tener conciencia de los riesgos sanitarios,skill/competence,transversal,0.8408,http://data.europa.eu/esco/skill/c4180af3-befd-4bd8-9a65-6a496f9d9f15
EPN,Escuela Politécnica Nacional,Ingenieria En Geologia,8,"aplicar conocimientos científicos, tecnológicos y de ingeniería",skill/competence,transversal,0.8405,http://data.europa.eu/esco/skill/5c3ab99d-a3f1-4620-9602-d12d2151a03d
EPN,Escuela Politécnica Nacional,Ingenieria En Geologia,9,aplicar medidas de protección del medioambiente,skill/competence,cross-sector,0.8399,http://data.europa.eu/esco/skill/f6d7ba88-5234-4994-944d-843ca453c923
EPN,Escuela Politécnica Nacional,Ingenieria En Geologia,10,gestionar impacto ambiental,skill/competence,cross-sector,0.8384,http://data.europa.eu/esco/skill/d3a8ef9c-8572-438c-91dc-010537070be3
EPN,Escuela Politécnica Nacional,Ingenieria De La Produccion,1,enseñar principios de gestión empresarial,skill/competence,cross-sector,0.853,http://data.europa.eu/esco/skill/29d3663f-348a-4b67-a8db-b94fd3912385
EPN,Escuela Politécnica Nacional,Ingenieria De La Produccion,2,gestionar recursos humanos,skill/competence,cross-sector,0.8502,http://data.europa.eu/esco/skill/339ac029-066a-4985-9f9d-b3d7c8fea0bb
EPN,Escuela Politécnica Nacional,Ingenieria De La Produccion,3,gestionar empresas de producción,skill/competence,cross-sector,0.8485,http://data.europa.eu/esco/skill/435d1751-8667-41ec-8b32-865b7cd3c684
EPN,Escuela Politécnica Nacional,Ingenieria De La Produccion,4,gestionar un equipo,skill/competence,cross-sector,0.8442,http://data.europa.eu/esco/skill/cb668e89-6ef5-4ff3-ab4a-506010e7e70b
EPN,Escuela Politécnica Nacional,Ingenieria De La Produccion,5,tener espíritu emprendedor,skill/competence,transversal,0.8436,http://data.europa.eu/esco/skill/bdcf429c-5ccf-4c3d-bb61-4c987573a35e
EPN,Escuela Politécnica Nacional,Ingenieria De La Produccion,6,respetar las normas internas de una empresa,skill/competence,cross-sector,0.8435,http://data.europa.eu/esco/skill/f5f5b244-6cea-4fbc-8a50-8f712791bc09
EPN,Escuela Politécnica Nacional,Ingenieria De La Produccion,7,aplicar la gestión de conflictos,skill/competence,cross-sector,0.8431,http://data.europa.eu/esco/skill/0ee94af1-b445-4973-9c3f-459fab250342
EPN,Escuela Politécnica Nacional,Ingenieria De La Produccion,8,realizar gestión de clientes,skill/competence,cross-sector,0.8422,http://data.europa.eu/esco/skill/91306a20-9b81-4f3d-97eb-f5368b607da7
EPN,Escuela Politécnica Nacional,Ingenieria De La Produccion,9,mantenerse al día sobre las innovaciones en el ámbito empresarial,skill/competence,cross-sector,0.8416,http://data.europa.eu/esco/skill/7f70572d-f0c1-4039-9954-b57dc69981f6
EPN,Escuela Politécnica Nacional,Ingenieria De La Produccion,10,mejorar procesos empresariales,skill/competence,cross-sector,0.8414,http://data.europa.eu/esco/skill/75b30aeb-34c0-40f4-b77d-271d75a98b14
EPN,Escuela Politécnica Nacional,Matematica,1,ejecutar cálculos matemáticos analíticos,skill/competence,cross-sector,0.8578,http://data.europa.eu/esco/skill/31c69100-b612-4a61-8db5-fd314318854c
EPN,Escuela Politécnica Nacional,Matematica,2,realizar trabajos técnicos difíciles,skill/competence,cross-sector,0.8497,http://data.europa.eu/esco/skill/2d780738-9b34-40a3-adbb-590001f6ff86
EPN,Escuela Politécnica Nacional,Matematica,3,realizar cálculos,skill/competence,transversal,0.8481,http://data.europa.eu/esco/skill/19ba11f3-9c99-41fd-a7c9-f77e6a026186
EPN,Escuela Politécnica Nacional,Matematica,4,crear una red profesional con investigadores y científicos,skill/competence,cross-sector,0.8435,http://data.europa.eu/esco/skill/cc61f9e5-d4fc-470e-8606-1ce865ff8386
EPN,Escuela Politécnica Nacional,Matematica,5,enseñar en contextos académicos o profesionales,skill/competence,cross-sector,0.8415,http://data.europa.eu/esco/skill/4cd85845-f31c-4306-994d-e12d45114d83
EPN,Escuela Politécnica Nacional,Matematica,6,gestionar recursos humanos,skill/competence,cross-sector,0.8374,http://data.europa.eu/esco/skill/339ac029-066a-4985-9f9d-b3d7c8fea0bb
EPN,Escuela Politécnica Nacional,Matematica,7,aplicar competencias matemáticas,skill/competence,cross-sector,0.837,http://data.europa.eu/esco/skill/5dd01a1e-7ba0-4b7f-a76c-ed811c12bfde
EPN,Escuela Politécnica Nacional,Matematica,8,interpretar información matemática,skill/competence,transversal,0.8356,http://data.europa.eu/esco/skill/6fc6f757-6baa-49fe-9a82-6ba6a52f2e13
EPN,Escuela Politécnica Nacional,Matematica,9,trabajar con sustancias químicas,skill/competence,cross-sector,0.8354,http://data.europa.eu/esco/skill/929a997b-d56c-4383-b36d-6de9fa0e1721
EPN,Escuela Politécnica Nacional,Matematica,10,evaluar el impacto ambiental de yacimientos y zonas industriales,skill/competence,cross-sector,0.8342,http://data.europa.eu/esco/skill/f12f094b-492f-4e88-b36b-50b8e58b7500
EPN,Escuela Politécnica Nacional,Matematica Aplicada,1,aplicar competencias matemáticas,skill/competence,cross-sector,0.8331,http://data.europa.eu/esco/skill/5dd01a1e-7ba0-4b7f-a76c-ed811c12bfde
EPN,Escuela Politécnica Nacional,Matematica Aplicada,2,ejecutar cálculos matemáticos analíticos,skill/competence,cross-sector,0.8319,http://data.europa.eu/esco/skill/31c69100-b612-4a61-8db5-fd314318854c
EPN,Escuela Politécnica Nacional,Matematica Aplicada,3,realizar cálculos,skill/competence,transversal,0.8304,http://data.europa.eu/esco/skill/19ba11f3-9c99-41fd-a7c9-f77e6a026186
EPN,Escuela Politécnica Nacional,Matematica Aplicada,4,"aplicar conocimientos científicos, tecnológicos y de ingeniería",skill/competence,transversal,0.8287,http://data.europa.eu/esco/skill/5c3ab99d-a3f1-4620-9602-d12d2151a03d
EPN,Escuela Politécnica Nacional,Matematica Aplicada,5,examinar principios de ingeniería,skill/competence,cross-sector,0.8265,http://data.europa.eu/esco/skill/8bc1c7da-c832-4896-a441-30d087c46aad
EPN,Escuela Politécnica Nacional,Matematica Aplicada,6,utilizar herramientas y equipos matemáticos,skill/competence,cross-sector,0.8258,http://data.europa.eu/esco/skill/db77825e-0f3e-47d0-abdb-356794484272
EPN,Escuela Politécnica Nacional,Matematica Aplicada,7,practicar la reflexión personal,skill/competence,transversal,0.8253,http://data.europa.eu/esco/skill/409a0245-0e6c-4aac-ba16-0920ecb76a8d
EPN,Escuela Politécnica Nacional,Matematica Aplicada,8,aplicar la gestión de conflictos,skill/competence,cross-sector,0.8253,http://data.europa.eu/esco/skill/0ee94af1-b445-4973-9c3f-459fab250342
EPN,Escuela Politécnica Nacional,Matematica Aplicada,9,interpretar información matemática,skill/competence,transversal,0.8207,http://data.europa.eu/esco/skill/6fc6f757-6baa-49fe-9a82-6ba6a52f2e13
EPN,Escuela Politécnica Nacional,Matematica Aplicada,10,desenvolverse bien en entornos de riesgo,skill/competence,cross-sector,0.8203,http://data.europa.eu/esco/skill/6dce7757-c416-4cec-bd2e-9f2319438c48
EPN,Escuela Politécnica Nacional,Ingenieria En Materiales,1,ejecutar cálculos matemáticos analíticos,skill/competence,cross-sector,0.8657,http://data.europa.eu/esco/skill/31c69100-b612-4a61-8db5-fd314318854c
EPN,Escuela Politécnica Nacional,Ingenieria En Materiales,2,aplicar competencias matemáticas,skill/competence,cross-sector,0.858,http://data.europa.eu/esco/skill/5dd01a1e-7ba0-4b7f-a76c-ed811c12bfde
EPN,Escuela Politécnica Nacional,Ingenieria En Materiales,3,realizar cálculos,skill/competence,transversal,0.853,http://data.europa.eu/esco/skill/19ba11f3-9c99-41fd-a7c9-f77e6a026186
EPN,Escuela Politécnica Nacional,Ingenieria En Materiales,4,aplicar la gestión de conflictos,skill/competence,cross-sector,0.8428,http://data.europa.eu/esco/skill/0ee94af1-b445-4973-9c3f-459fab250342
EPN,Escuela Politécnica Nacional,Ingenieria En Materiales,5,utilizar servicios electrónicos,skill/competence,cross-sector,0.8406,http://data.europa.eu/esco/skill/16a00c69-9c74-4c37-96d7-6301d285e5ce
EPN,Escuela Politécnica Nacional,Ingenieria En Materiales,6,aplicar conocimientos de ciencias sociales y humanidades,skill/competence,transversal,0.8389,http://data.europa.eu/esco/skill/deb3c1bc-d48a-42e6-b0cc-cb238534ec28
EPN,Escuela Politécnica Nacional,Ingenieria En Materiales,7,utilizar herramientas y equipos matemáticos,skill/competence,cross-sector,0.8377,http://data.europa.eu/esco/skill/db77825e-0f3e-47d0-abdb-356794484272
EPN,Escuela Politécnica Nacional,Ingenieria En Materiales,8,"aplicar conocimientos científicos, tecnológicos y de ingeniería",skill/competence,transversal,0.8372,http://data.europa.eu/esco/skill/5c3ab99d-a3f1-4620-9602-d12d2151a03d
EPN,Escuela Politécnica Nacional,Ingenieria En Materiales,9,realizar trabajos técnicos difíciles,skill/competence,cross-sector,0.8368,http://data.europa.eu/esco/skill/2d780738-9b34-40a3-adbb-590001f6ff86
EPN,Escuela Politécnica Nacional,Ingenieria En Materiales,10,resolver problemas,skill/competence,transversal,0.8368,http://data.europa.eu/esco/skill/adc6dc11-3376-467b-96c5-9b0a21edc869
EPN,Escuela Politécnica Nacional,Ingenieria En Mecanica,1,coordinar equipos de ingeniería,skill/competence,cross-sector,0.8562,http://data.europa.eu/esco/skill/7af6e9e8-1e11-4c0b-b7c6-ac96bbbbc674
EPN,Escuela Politécnica Nacional,Ingenieria En Mecanica,2,aplicar medidas de protección del medioambiente,skill/competence,cross-sector,0.8533,http://data.europa.eu/esco/skill/f6d7ba88-5234-4994-944d-843ca453c923
EPN,Escuela Politécnica Nacional,Ingenieria En Mecanica,3,mecánica de los trenes,knowledge,cross-sector,0.8529,http://data.europa.eu/esco/skill/af0bbc31-b54d-4e8d-82b1-2e91a1115523
EPN,Escuela Politécnica Nacional,Ingenieria En Mecanica,4,controlar maquinaria pesada,skill/competence,cross-sector,0.8506,http://data.europa.eu/esco/skill/4853efe8-0cdd-42d1-bc5a-6ba5fa9a8b2c
EPN,Escuela Politécnica Nacional,Ingenieria En Mecanica,5,realizar todas las actividades de ingeniería de procesos,skill/competence,cross-sector,0.8505,http://data.europa.eu/esco/skill/8b9d609a-6d62-4d5c-9133-01d41979cfac
EPN,Escuela Politécnica Nacional,Ingenieria En Mecanica,6,"aplicar conocimientos científicos, tecnológicos y de ingeniería",skill/competence,transversal,0.85,http://data.europa.eu/esco/skill/5c3ab99d-a3f1-4620-9602-d12d2151a03d
EPN,Escuela Politécnica Nacional,Ingenieria En Mecanica,7,proporcionar experiencia técnica,skill/competence,cross-sector,0.85,http://data.europa.eu/esco/skill/c69587b4-05d3-45bb-b79b-9b85e6603fc2
EPN,Escuela Politécnica Nacional,Ingenieria En Mecanica,8,desenvolverse bien en entornos de riesgo,skill/competence,cross-sector,0.8493,http://data.europa.eu/esco/skill/6dce7757-c416-4cec-bd2e-9f2319438c48
EPN,Escuela Politécnica Nacional,Ingenieria En Mecanica,9,diseñar escombreras de minas,skill/competence,cross-sector,0.8491,http://data.europa.eu/esco/skill/cfbe1cdb-1738-45a1-b442-75cbda1fff06
EPN,Escuela Politécnica Nacional,Ingenieria En Mecanica,10,planificar procesos de fabricación,skill/competence,cross-sector,0.8491,http://data.europa.eu/esco/skill/7d0f33ea-e724-4d77-8b75-ee4fe66bb9ba
EPN,Escuela Politécnica Nacional,Ingenieria En Mecatronica,1,mecatrónica,knowledge,cross-sector,0.879,http://data.europa.eu/esco/skill/d88cb3f1-8e02-4618-bf32-4b0488066934
EPN,Escuela Politécnica Nacional,Ingenieria En Mecatronica,2,mecánica de los trenes,knowledge,cross-sector,0.8482,http://data.europa.eu/esco/skill/af0bbc31-b54d-4e8d-82b1-2e91a1115523
EPN,Escuela Politécnica Nacional,Ingenieria En Mecatronica,3,diseñar sistemas microelectromecánicos,skill/competence,cross-sector,0.8473,http://data.europa.eu/esco/skill/c022ff1b-7783-4e64-89ef-0422c81ff51f
EPN,Escuela Politécnica Nacional,Ingenieria En Mecatronica,4,realizar trabajos técnicos difíciles,skill/competence,cross-sector,0.8419,http://data.europa.eu/esco/skill/2d780738-9b34-40a3-adbb-590001f6ff86
EPN,Escuela Politécnica Nacional,Ingenieria En Mecatronica,5,planificar procesos de fabricación,skill/competence,cross-sector,0.8404,http://data.europa.eu/esco/skill/7d0f33ea-e724-4d77-8b75-ee4fe66bb9ba
EPN,Escuela Politécnica Nacional,Ingenieria En Mecatronica,6,diseñar sistemas electromecánicos,skill/competence,cross-sector,0.8401,http://data.europa.eu/esco/skill/c5422318-3218-4ce9-9bdd-f38b93ff63a3
EPN,Escuela Politécnica Nacional,Ingenieria En Mecatronica,7,diseñar sistemas de control,skill/competence,cross-sector,0.8401,http://data.europa.eu/esco/skill/d560df46-dda4-4407-bab2-b87353a96814
EPN,Escuela Politécnica Nacional,Ingenieria En Mecatronica,8,coordinar equipos de ingeniería,skill/competence,cross-sector,0.838,http://data.europa.eu/esco/skill/7af6e9e8-1e11-4c0b-b7c6-ac96bbbbc674
EPN,Escuela Politécnica Nacional,Ingenieria En Mecatronica,9,diseñar sistemas electrónicos,skill/competence,cross-sector,0.8367,http://data.europa.eu/esco/skill/feb717ff-fba6-4a91-aa10-ee11cf2da6b4
EPN,Escuela Politécnica Nacional,Ingenieria En Mecatronica,10,interpretar las interfaces de comunicación gráfica,skill/competence,cross-sector,0.8366,http://data.europa.eu/esco/skill/ea99e1f2-ad03-4bb3-8960-1227fc76bb2a
EPN,Escuela Politécnica Nacional,Ingenieria En Petroleos,1,evaluar el impacto ambiental de yacimientos y zonas industriales,skill/competence,cross-sector,0.8655,http://data.europa.eu/esco/skill/f12f094b-492f-4e88-b36b-50b8e58b7500
EPN,Escuela Politécnica Nacional,Ingenieria En Petroleos,2,manejar equipos de extracción de hidrógeno,skill/competence,cross-sector,0.8438,http://data.europa.eu/esco/skill/d2fd219f-5cb1-4f67-8db5-be6c5fc865c7
EPN,Escuela Politécnica Nacional,Ingenieria En Petroleos,3,manipular combustibles,skill/competence,cross-sector,0.8418,http://data.europa.eu/esco/skill/2035c565-f0df-4efa-99fc-09a42f18c158
EPN,Escuela Politécnica Nacional,Ingenieria En Petroleos,4,trabajar con sustancias químicas,skill/competence,cross-sector,0.841,http://data.europa.eu/esco/skill/929a997b-d56c-4383-b36d-6de9fa0e1721
EPN,Escuela Politécnica Nacional,Ingenieria En Petroleos,5,reaccionar ante emergencias mineras,skill/competence,cross-sector,0.8408,http://data.europa.eu/esco/skill/3938da70-dd7a-4092-b039-10c2218867fd
EPN,Escuela Politécnica Nacional,Ingenieria En Petroleos,6,realizar intervenciones de buceo,skill/competence,cross-sector,0.8405,http://data.europa.eu/esco/skill/89a717d5-b30c-4b15-982b-415e54c54edd
EPN,Escuela Politécnica Nacional,Ingenieria En Petroleos,7,controlar maquinaria pesada,skill/competence,cross-sector,0.8405,http://data.europa.eu/esco/skill/4853efe8-0cdd-42d1-bc5a-6ba5fa9a8b2c
EPN,Escuela Politécnica Nacional,Ingenieria En Petroleos,8,"aplicar conocimientos científicos, tecnológicos y de ingeniería",skill/competence,transversal,0.84,http://data.europa.eu/esco/skill/5c3ab99d-a3f1-4620-9602-d12d2151a03d
EPN,Escuela Politécnica Nacional,Ingenieria En Petroleos,9,diseñar escombreras de minas,skill/competence,cross-sector,0.8389,http://data.europa.eu/esco/skill/cfbe1cdb-1738-45a1-b442-75cbda1fff06
EPN,Escuela Politécnica Nacional,Ingenieria En Petroleos,10,proporcionar experiencia técnica,skill/competence,cross-sector,0.8375,http://data.europa.eu/esco/skill/c69587b4-05d3-45bb-b79b-9b85e6603fc2
EPN,Escuela Politécnica Nacional,Ingenieria Quimica,1,"aplicar conocimientos científicos, tecnológicos y de ingeniería",skill/competence,transversal,0.8408,http://data.europa.eu/esco/skill/5c3ab99d-a3f1-4620-9602-d12d2151a03d
EPN,Escuela Politécnica Nacional,Ingenieria Quimica,2,coordinar equipos de ingeniería,skill/competence,cross-sector,0.8404,http://data.europa.eu/esco/skill/7af6e9e8-1e11-4c0b-b7c6-ac96bbbbc674
EPN,Escuela Politécnica Nacional,Ingenieria Quimica,3,tener conciencia de los riesgos sanitarios,skill/competence,transversal,0.8402,http://data.europa.eu/esco/skill/c4180af3-befd-4bd8-9a65-6a496f9d9f15
EPN,Escuela Politécnica Nacional,Ingenieria Quimica,4,trabajar con sustancias químicas,skill/competence,cross-sector,0.8393,http://data.europa.eu/esco/skill/929a997b-d56c-4383-b36d-6de9fa0e1721
EPN,Escuela Politécnica Nacional,Ingenieria Quimica,5,realizar todas las actividades de ingeniería de procesos,skill/competence,cross-sector,0.8377,http://data.europa.eu/esco/skill/8b9d609a-6d62-4d5c-9133-01d41979cfac
EPN,Escuela Politécnica Nacional,Ingenieria Quimica,6,demostrar voluntad de aprender,skill/competence,transversal,0.8369,http://data.europa.eu/esco/skill/9bf266a6-188b-4d17-a22f-2f266d76832b
EPN,Escuela Politécnica Nacional,Ingenieria Quimica,7,examinar principios de ingeniería,skill/competence,cross-sector,0.8364,http://data.europa.eu/esco/skill/8bc1c7da-c832-4896-a441-30d087c46aad
EPN,Escuela Politécnica Nacional,Ingenieria Quimica,8,ingeniería ambiental,knowledge,cross-sector,0.8344,http://data.europa.eu/esco/skill/b1b118c4-3291-484e-b64d-6d51fd5da8b3
EPN,Escuela Politécnica Nacional,Ingenieria Quimica,9,demostrar competencia en las normas de envasado,skill/competence,cross-sector,0.8333,http://data.europa.eu/esco/skill/07197605-141a-4c85-8995-00614de16c87
EPN,Escuela Politécnica Nacional,Ingenieria Quimica,10,elaborar fórmulas de fabricación,skill/competence,cross-sector,0.8331,http://data.europa.eu/esco/skill/b2ad4e50-cb82-4a34-ab3e-5b5f6c4f9b65
EPN,Escuela Politécnica Nacional,Ingenieria En Sistemas De Informacion,1,ingeniería ambiental,knowledge,cross-sector,0.8503,http://data.europa.eu/esco/skill/b1b118c4-3291-484e-b64d-6d51fd5da8b3
EPN,Escuela Politécnica Nacional,Ingenieria En Sistemas De Informacion,2,legislación ambiental en materia de agricultura y silvicultura,knowledge,cross-sector,0.8501,http://data.europa.eu/esco/skill/3419fac9-575d-4492-a018-edff6f4dae26
EPN,Escuela Politécnica Nacional,Ingenieria En Sistemas De Informacion,3,aplicar medidas de protección del medioambiente,skill/competence,cross-sector,0.8483,http://data.europa.eu/esco/skill/f6d7ba88-5234-4994-944d-843ca453c923
EPN,Escuela Politécnica Nacional,Ingenieria En Sistemas De Informacion,4,realizar auditorías ambientales,skill/competence,cross-sector,0.848,http://data.europa.eu/esco/skill/60ab2bf7-c812-4a88-86c0-7c81a9b2f77c
EPN,Escuela Politécnica Nacional,Ingenieria En Sistemas De Informacion,5,aplicar la gestión de conflictos,skill/competence,cross-sector,0.8468,http://data.europa.eu/esco/skill/0ee94af1-b445-4973-9c3f-459fab250342
EPN,Escuela Politécnica Nacional,Ingenieria En Sistemas De Informacion,6,diseñar escombreras de minas,skill/competence,cross-sector,0.8464,http://data.europa.eu/esco/skill/cfbe1cdb-1738-45a1-b442-75cbda1fff06
EPN,Escuela Politécnica Nacional,Ingenieria En Sistemas De Informacion,7,gestionar el impacto medioambiental de las operaciones,skill/competence,cross-sector,0.8464,http://data.europa.eu/esco/skill/d86babea-bf8b-4552-81a8-daf706066ad6
EPN,Escuela Politécnica Nacional,Ingenieria En Sistemas De Informacion,8,asesorar sobre sistemas de gestión de riesgos ambientales,skill/competence,cross-sector,0.8463,http://data.europa.eu/esco/skill/a366bfc5-8d17-4792-a9f0-db0951528dda
EPN,Escuela Politécnica Nacional,Ingenieria En Sistemas De Informacion,9,sensibilizar sobre el medioambiente,skill/competence,cross-sector,0.8456,http://data.europa.eu/esco/skill/8abdc43c-2bfd-417c-97c2-27fcdaf53171
EPN,Escuela Politécnica Nacional,Ingenieria En Sistemas De Informacion,10,"aplicar conocimientos científicos, tecnológicos y de ingeniería",skill/competence,transversal,0.8449,http://data.europa.eu/esco/skill/5c3ab99d-a3f1-4620-9602-d12d2151a03d
EPN,Escuela Politécnica Nacional,Ingenieria En Software,1,utilizar servicios electrónicos,skill/competence,cross-sector,0.849,http://data.europa.eu/esco/skill/16a00c69-9c74-4c37-96d7-6301d285e5ce
EPN,Escuela Politécnica Nacional,Ingenieria En Software,2,tener competencias informáticas,skill/competence,cross-sector,0.8489,http://data.europa.eu/esco/skill/d15ce60f-ddab-41ce-ba56-398451b77b60
EPN,Escuela Politécnica Nacional,Ingenieria En Software,3,"aplicar conocimientos científicos, tecnológicos y de ingeniería",skill/competence,transversal,0.8476,http://data.europa.eu/esco/skill/5c3ab99d-a3f1-4620-9602-d12d2151a03d
EPN,Escuela Politécnica Nacional,Ingenieria En Software,4,crear soluciones para problemas informativos,skill/competence,cross-sector,0.8452,http://data.europa.eu/esco/skill/4539aeca-b56f-4d03-ba86-8f675a7f2536
EPN,Escuela Politécnica Nacional,Ingenieria En Software,5,coordinar equipos de ingeniería,skill/competence,cross-sector,0.8434,http://data.europa.eu/esco/skill/7af6e9e8-1e11-4c0b-b7c6-ac96bbbbc674
EPN,Escuela Politécnica Nacional,Ingenieria En Software,6,mantenerse al día sobre las innovaciones en el ámbito empresarial,skill/competence,cross-sector,0.842,http://data.europa.eu/esco/skill/7f70572d-f0c1-4039-9954-b57dc69981f6
EPN,Escuela Politécnica Nacional,Ingenieria En Software,7,cumplir los compromisos,skill/competence,transversal,0.8417,http://data.europa.eu/esco/skill/113b4428-0a31-4199-8496-070af7854b91
EPN,Escuela Politécnica Nacional,Ingenieria En Software,8,gestionar recursos humanos,skill/competence,cross-sector,0.8415,http://data.europa.eu/esco/skill/339ac029-066a-4985-9f9d-b3d7c8fea0bb
EPN,Escuela Politécnica Nacional,Ingenieria En Software,9,aplicar medidas de protección del medioambiente,skill/competence,cross-sector,0.8412,http://data.europa.eu/esco/skill/f6d7ba88-5234-4994-944d-843ca453c923
EPN,Escuela Politécnica Nacional,Ingenieria En Software,10,utilizar modelos informáticos especializados para predecir el tiempo,skill/competence,cross-sector,0.8412,http://data.europa.eu/esco/skill/206f5738-e91f-4390-84a2-fcb864bc11b1
EPN,Escuela Politécnica Nacional,Ingenieria En Telecomunicacion De La Informacion,1,tener competencias informáticas,skill/competence,cross-sector,0.8658,http://data.europa.eu/esco/skill/d15ce60f-ddab-41ce-ba56-398451b77b60
EPN,Escuela Politécnica Nacional,Ingenieria En Telecomunicacion De La Informacion,2,aplicar la gestión de conflictos,skill/competence,cross-sector,0.8606,http://data.europa.eu/esco/skill/0ee94af1-b445-4973-9c3f-459fab250342
EPN,Escuela Politécnica Nacional,Ingenieria En Telecomunicacion De La Informacion,3,demostrar conocimientos especializados sobre una disciplina,skill/competence,cross-sector,0.859,http://data.europa.eu/esco/skill/4134622c-c3fb-4a41-beb6-6d58ba5107db
EPN,Escuela Politécnica Nacional,Ingenieria En Telecomunicacion De La Informacion,4,gestionar un equipo,skill/competence,cross-sector,0.8562,http://data.europa.eu/esco/skill/cb668e89-6ef5-4ff3-ab4a-506010e7e70b
EPN,Escuela Politécnica Nacional,Ingenieria En Telecomunicacion De La Informacion,5,realizar gestión de clientes,skill/competence,cross-sector,0.8542,http://data.europa.eu/esco/skill/91306a20-9b81-4f3d-97eb-f5368b607da7
EPN,Escuela Politécnica Nacional,Ingenieria En Telecomunicacion De La Informacion,6,crear soluciones para problemas informativos,skill/competence,cross-sector,0.8541,http://data.europa.eu/esco/skill/4539aeca-b56f-4d03-ba86-8f675a7f2536
EPN,Escuela Politécnica Nacional,Ingenieria En Telecomunicacion De La Informacion,7,cumplir la normativa legal,skill/competence,cross-sector,0.854,http://data.europa.eu/esco/skill/3d3ee5c3-4286-457f-9f76-1704011f7e11
EPN,Escuela Politécnica Nacional,Ingenieria En Telecomunicacion De La Informacion,8,realizar búsquedas en internet,skill/competence,transversal,0.8539,http://data.europa.eu/esco/skill/ba93b71b-c433-4a01-8246-ed2daa85a9a2
EPN,Escuela Politécnica Nacional,Ingenieria En Telecomunicacion De La Informacion,9,ejecutar cálculos matemáticos analíticos,skill/competence,cross-sector,0.8535,http://data.europa.eu/esco/skill/31c69100-b612-4a61-8db5-fd314318854c
EPN,Escuela Politécnica Nacional,Ingenieria En Telecomunicacion De La Informacion,10,detectar y corregir errores de las tecnologías de la información y de las comunicaciones,skill/competence,cross-sector,0.8531,http://data.europa.eu/esco/skill/744442ac-c157-4350-8be0-ce454df4f5c5
EPN,Escuela Politécnica Nacional,Ingenieria En Telecomunicaciones,1,tener competencias informáticas,skill/competence,cross-sector,0.8642,http://data.europa.eu/esco/skill/d15ce60f-ddab-41ce-ba56-398451b77b60
EPN,Escuela Politécnica Nacional,Ingenieria En Telecomunicaciones,2,aplicar la gestión de conflictos,skill/competence,cross-sector,0.8625,http://data.europa.eu/esco/skill/0ee94af1-b445-4973-9c3f-459fab250342
EPN,Escuela Politécnica Nacional,Ingenieria En Telecomunicaciones,3,demostrar conocimientos especializados sobre una disciplina,skill/competence,cross-sector,0.8553,http://data.europa.eu/esco/skill/4134622c-c3fb-4a41-beb6-6d58ba5107db
EPN,Escuela Politécnica Nacional,Ingenieria En Telecomunicaciones,4,cumplir la normativa legal,skill/competence,cross-sector,0.8535,http://data.europa.eu/esco/skill/3d3ee5c3-4286-457f-9f76-1704011f7e11
EPN,Escuela Politécnica Nacional,Ingenieria En Telecomunicaciones,5,gestionar un equipo,skill/competence,cross-sector,0.8534,http://data.europa.eu/esco/skill/cb668e89-6ef5-4ff3-ab4a-506010e7e70b
EPN,Escuela Politécnica Nacional,Ingenieria En Telecomunicaciones,6,aplicar conocimientos sobre el comportamiento humano,skill/competence,cross-sector,0.8526,http://data.europa.eu/esco/skill/a0e23745-6ba4-45e2-9510-df6e71ed1230
EPN,Escuela Politécnica Nacional,Ingenieria En Telecomunicaciones,7,"utilizar tecnologías digitales para compartir datos, información y contenido digitales",skill/competence,cross-sector,0.8523,http://data.europa.eu/esco/skill/40001d93-8937-4859-89d5-2dca53290ff4
EPN,Escuela Politécnica Nacional,Ingenieria En Telecomunicaciones,8,realizar búsquedas en internet,skill/competence,transversal,0.8522,http://data.europa.eu/esco/skill/ba93b71b-c433-4a01-8246-ed2daa85a9a2
EPN,Escuela Politécnica Nacional,Ingenieria En Telecomunicaciones,9,realizar gestión de clientes,skill/competence,cross-sector,0.8515,http://data.europa.eu/esco/skill/91306a20-9b81-4f3d-97eb-f5368b607da7
EPN,Escuela Politécnica Nacional,Ingenieria En Telecomunicaciones,10,utilizar servicios electrónicos,skill/competence,cross-sector,0.8514,http://data.europa.eu/esco/skill/16a00c69-9c74-4c37-96d7-6301d285e5ce
EPN,Escuela Politécnica Nacional,Ingenieria Civil,1,ingeniería ambiental,knowledge,cross-sector,0.8563,http://data.europa.eu/esco/skill/b1b118c4-3291-484e-b64d-6d51fd5da8b3
EPN,Escuela Politécnica Nacional,Ingenieria Civil,2,sensibilizar sobre el medioambiente,skill/competence,cross-sector,0.8475,http://data.europa.eu/esco/skill/8abdc43c-2bfd-417c-97c2-27fcdaf53171
EPN,Escuela Politécnica Nacional,Ingenieria Civil,3,coordinar equipos de ingeniería,skill/competence,cross-sector,0.8473,http://data.europa.eu/esco/skill/7af6e9e8-1e11-4c0b-b7c6-ac96bbbbc674
EPN,Escuela Politécnica Nacional,Ingenieria Civil,4,utilizar servicios electrónicos,skill/competence,cross-sector,0.8453,http://data.europa.eu/esco/skill/16a00c69-9c74-4c37-96d7-6301d285e5ce
EPN,Escuela Politécnica Nacional,Ingenieria Civil,5,"aplicar conocimientos científicos, tecnológicos y de ingeniería",skill/competence,transversal,0.8449,http://data.europa.eu/esco/skill/5c3ab99d-a3f1-4620-9602-d12d2151a03d
EPN,Escuela Politécnica Nacional,Ingenieria Civil,6,examinar las infraestructuras civiles,skill/competence,cross-sector,0.8446,http://data.europa.eu/esco/skill/d48b3cfe-80b6-406f-b582-d959b60417f8
EPN,Escuela Politécnica Nacional,Ingenieria Civil,7,legislación ambiental en materia de agricultura y silvicultura,knowledge,cross-sector,0.8442,http://data.europa.eu/esco/skill/3419fac9-575d-4492-a018-edff6f4dae26
EPN,Escuela Politécnica Nacional,Ingenieria Civil,8,examinar principios de ingeniería,skill/competence,cross-sector,0.8431,http://data.europa.eu/esco/skill/8bc1c7da-c832-4896-a441-30d087c46aad
EPN,Escuela Politécnica Nacional,Ingenieria Civil,9,diseñar escombreras de minas,skill/competence,cross-sector,0.8428,http://data.europa.eu/esco/skill/cfbe1cdb-1738-45a1-b442-75cbda1fff06
EPN,Escuela Politécnica Nacional,Ingenieria Civil,10,aplicar medidas de protección del medioambiente,skill/competence,cross-sector,0.8414,http://data.europa.eu/esco/skill/f6d7ba88-5234-4994-944d-843ca453c923
EPN,Escuela Politécnica Nacional,Seguridad De Redes De Informacion,1,proteger dispositivos de Tic,skill/competence,cross-sector,0.8677,http://data.europa.eu/esco/skill/df329d70-87b0-466b-a214-3431f36e2a5e
EPN,Escuela Politécnica Nacional,Seguridad De Redes De Informacion,2,gestionar un equipo,skill/competence,cross-sector,0.8653,http://data.europa.eu/esco/skill/cb668e89-6ef5-4ff3-ab4a-506010e7e70b
EPN,Escuela Politécnica Nacional,Seguridad De Redes De Informacion,3,detectar y corregir errores de las tecnologías de la información y de las comunicaciones,skill/competence,cross-sector,0.8603,http://data.europa.eu/esco/skill/744442ac-c157-4350-8be0-ce454df4f5c5
EPN,Escuela Politécnica Nacional,Seguridad De Redes De Informacion,4,gestionar recursos humanos,skill/competence,cross-sector,0.8602,http://data.europa.eu/esco/skill/339ac029-066a-4985-9f9d-b3d7c8fea0bb
EPN,Escuela Politécnica Nacional,Seguridad De Redes De Informacion,5,resolver problemas de sistemas TIC,skill/competence,cross-sector,0.8583,http://data.europa.eu/esco/skill/9e06bac6-6b91-48ca-8b7d-c1f48cdecd7c
EPN,Escuela Politécnica Nacional,Seguridad De Redes De Informacion,6,tener competencias informáticas,skill/competence,cross-sector,0.8577,http://data.europa.eu/esco/skill/d15ce60f-ddab-41ce-ba56-398451b77b60
EPN,Escuela Politécnica Nacional,Seguridad De Redes De Informacion,7,tener conciencia de los riesgos sanitarios,skill/competence,transversal,0.8535,http://data.europa.eu/esco/skill/c4180af3-befd-4bd8-9a65-6a496f9d9f15
EPN,Escuela Politécnica Nacional,Seguridad De Redes De Informacion,8,crear soluciones para problemas informativos,skill/competence,cross-sector,0.8527,http://data.europa.eu/esco/skill/4539aeca-b56f-4d03-ba86-8f675a7f2536
EPN,Escuela Politécnica Nacional,Seguridad De Redes De Informacion,9,aplicar la gestión de conflictos,skill/competence,cross-sector,0.8518,http://data.europa.eu/esco/skill/0ee94af1-b445-4973-9c3f-459fab250342
EPN,Escuela Politécnica Nacional,Seguridad De Redes De Informacion,10,respetar las normas internas de una empresa,skill/competence,cross-sector,0.8516,http://data.europa.eu/esco/skill/f5f5b244-6cea-4fbc-8a50-8f712791bc09
